sms_id,timestamp,sender,message
1_sms_020,2026-10-07T08:17:44,HELPLINE,People trapped/affected near residential lane beside the wetland. Urgent drinking water packets required.
1_sms_noise_071,2026-10-07T08:38:30,HELPLINE,Anyone travelling toward Tambaram?
1_sms_017,2026-10-07T08:13:52,HELPLINE,Emergency near near the local temple road. approximately 2 people. Need medical assistance / insulin.
1_sms_noise_072,2026-10-07T08:53:15,HELPLINE,Traffic is very slow near Saidapet.
1_sms_051,2026-10-07T08:46:40,HELPLINE,Emergency near electrical compound near Sanatorium. approximately 12 people. Need fire tender.
1_sms_023,2026-10-07T08:11:22,HELPLINE,Emergency near low-lying road near the marsh. approximately 18 people. Need drinking water packets.
1_sms_noise_089,2026-10-07T09:23:36,HELPLINE,Is the road to the airport open?
1_sms_025,2026-10-07T08:12:24,HELPLINE,People trapped/affected near Velachery MRTS west gate. Urgent medical assistance / insulin required.
1_sms_noise_093,2026-10-07T09:09:00,HELPLINE,Where can I find the official weather bulletin?
1_sms_005,2026-10-07T08:02:00,HELPLINE,Emergency near behind the neighbourhood temple. approximately 35 people. Need food packets / dry ration.
1_sms_060,2026-10-07T08:30:29,HELPLINE,People trapped/affected near Sholinganallur service road. Urgent drinking water packets required.
1_sms_rumor_101,2026-10-07T09:10:00,HELPLINE,Someone says cyclone warning has already been issued for tonight.
1_sms_018,2026-10-07T08:09:21,HELPLINE,behind the neighbourhood temple flood incident. Send food packets / dry ration.
1_sms_064,2026-10-07T08:42:00,HELPLINE,People trapped/affected near behind Velachery MRTS. Urgent medical assistance / insulin required.
1_sms_007,2026-10-07T08:05:18,HELPLINE,People trapped/affected near Nanganallur low-lying street. Urgent medical assistance / insulin required.
1_sms_034,2026-10-07T08:16:30,HELPLINE,second lane behind the school flood incident. Send rescue boat.
1_sms_noise_085,2026-10-07T08:49:00,HELPLINE,Is Saidapet traffic diverted?
1_sms_rumor_100,2026-10-07T09:02:42,HELPLINE,Unverified message says all railway stations are being evacuated.
1_sms_022,2026-10-07T08:10:30,HELPLINE,Emergency near behind the industrial compound. approximately 8 people. Need fire tender.
1_sms_046,2026-10-07T08:26:15,HELPLINE,Emergency near transformer yard near the station. approximately 12 people. Need fire tender.
1_sms_035,2026-10-07T08:31:10,HELPLINE,People trapped/affected near service road near the marsh. Urgent drinking water packets required.
1_sms_noise_075,2026-10-07T08:59:12,HELPLINE,Where can I find the official weather bulletin?
1_sms_REFWD_014,2026-10-07T08:04:50,HELPLINE,Emergency near Guindy low-lying lane. approximately 8 people. Need fire tender.
1_sms_noise_087,2026-10-07T09:00:12,HELPLINE,Can somebody confirm office closure information?
MALFORMED_SMS
1_sms_002,2026-10-07T08:00:56,HELPLINE,residential lane near water tank flood incident. Send rescue boat.
1_sms_012,2026-10-07T08:09:10,HELPLINE,Emergency near near Guindy bus stop. approximately 8 people. Need fire tender.
1_sms_024,2026-10-07T08:19:10,HELPLINE,school compound backside flood incident. Send rescue boat.
1_sms_021,2026-10-07T08:08:40,HELPLINE,near the residential lane by the river flood incident. Send drinking water packets.
1_sms_062,2026-10-07T08:58:58,HELPLINE,People trapped/affected near behind the neighbourhood temple. Urgent food packets / dry ration required.
1_sms_016,2026-10-07T08:15:00,HELPLINE,behind Sanatorium railway station flood incident. Send fire tender.
1_sms_noise_088,2026-10-07T09:27:00,HELPLINE,Is the market near Velachery open?
1_sms_REFWD_009,2026-10-07T08:08:27,HELPLINE,Emergency near low-lying road near Taramani. approximately 9 people. Need rescue boat.
1_sms_016,2026-10-07T08:15:00,HELPLINE,behind Sanatorium railway station flood incident. Send fire tender.
1_sms_059,2026-10-07T08:42:32,HELPLINE,electrical compound near Sanatorium flood incident. Send fire tender.
1_sms_noise_090,2026-10-07T09:23:04,HELPLINE,Can somebody confirm office closure information?
1_sms_REFWD_013,2026-10-07T08:56:03,HELPLINE,near Taramani MRTS side road flood incident. Send rescue boat.
1_sms_042,2026-10-07T08:34:10,HELPLINE,service road near the IT buildings flood incident. Send drinking water packets.
,,
1_sms_004,2026-10-07T08:02:06,HELPLINE,Emergency near behind the Medavakkam government school. approximately 7 people. Need rescue boat.
1_sms_noise_067,2026-10-07T09:02:42,HELPLINE,Anybody knows if the petrol bunk is functioning?
1_sms_059,2026-10-07T08:42:32,HELPLINE,electrical compound near Sanatorium flood incident. Send fire tender.
1_sms_033,2026-10-07T08:30:24,HELPLINE,People trapped/affected near near the Vijayanagar side road. Urgent medical assistance / insulin required.
1_sms_053,2026-10-07T08:47:40,HELPLINE,near the local ration shop flood incident. Send food packets / dry ration.
1_sms_031,2026-10-07T08:27:00,HELPLINE,Perungudi service lane flood incident. Send medical assistance / insulin.
1_sms_056,2026-10-07T08:25:40,HELPLINE,People trapped/affected near near the EB side. Urgent fire tender required.
1_sms_063,2026-10-07T08:29:58,HELPLINE,People trapped/affected near Pallikaranai waterlogged pocket. Urgent drinking water packets required.
1_sms_038,2026-10-07T08:31:27,HELPLINE,Saidapet station waiting area flood incident. Send food packets / dry ration.
1_sms_027,2026-10-07T08:22:32,HELPLINE,Perungudi station service road flood incident. Send medical assistance / insulin.
1_sms_013,2026-10-07T08:09:00,HELPLINE,Emergency near station backside road. approximately 12 people. Need fire tender.
1_sms_037,2026-10-07T08:31:48,HELPLINE,People trapped/affected near industrial estate side road. Urgent fire tender required.
1_sms_REFWD_011,2026-10-07T08:34:10,HELPLINE,service road near the IT buildings flood incident. Send drinking water packets.
1_sms_019,2026-10-07T08:06:54,HELPLINE,Emergency near Perungudi station service road. approximately 3 people. Need medical assistance / insulin.
1_sms_049,2026-10-07T08:44:48,HELPLINE,near the residential lane by the river flood incident. Send drinking water packets.
1_sms_rumor_098,2026-10-07T09:01:26,HELPLINE,Someone says cyclone warning has already been issued for tonight.
1_sms_014,2026-10-07T08:08:27,HELPLINE,Emergency near low-lying road near Taramani. approximately 9 people. Need rescue boat.
1_sms_noise_066,2026-10-07T09:06:05,HELPLINE,Power is gone but nobody is trapped here.
MALFORMED_SMS
1_sms_noise_077,2026-10-07T08:38:00,HELPLINE,Are schools closed tomorrow?
1_sms_044,2026-10-07T08:38:42,HELPLINE,Emergency near behind the industrial compound. approximately 8 people. Need fire tender.
1_sms_noise_080,2026-10-07T08:52:40,HELPLINE,Traffic is very slow near Saidapet.
1_sms_noise_082,2026-10-07T09:11:33,HELPLINE,What time will electricity return?
1_sms_noise_073,2026-10-07T08:49:12,HELPLINE,Is the local EB office working today?
1_sms_039,2026-10-07T08:17:06,HELPLINE,People trapped/affected near Adyar river-side road. Urgent drinking water packets required.
1_sms_006,2026-10-07T08:04:25,HELPLINE,Emergency near marsh backside houses. approximately 18 people. Need drinking water packets.
1_sms_050,2026-10-07T08:35:56,HELPLINE,Emergency near Pallikaranai marsh-side road. approximately 18 people. Need drinking water packets.
1_sms_noise_079,2026-10-07T09:03:42,HELPLINE,Is internet service down in this area?
1_sms_noise_070,2026-10-07T08:32:12,HELPLINE,Can someone confirm bus routes?
1_sms_rumor_095,2026-10-07T09:26:10,HELPLINE,Unverified: all major roads will be completely closed by 8 PM.
1_sms_noise_092,2026-10-07T08:59:09,HELPLINE,Anybody knows if the petrol bunk is functioning?
1_sms_064,2026-10-07T08:42:00,HELPLINE,People trapped/affected near behind Velachery MRTS. Urgent medical assistance / insulin required.
,,
1_sms_043,2026-10-07T08:33:36,HELPLINE,Emergency near behind Velachery MRTS. approximately 4 people. Need medical assistance / insulin.
1_sms_noise_084,2026-10-07T09:02:15,HELPLINE,Just looking for traffic information.
1_sms_055,2026-10-07T08:25:12,HELPLINE,Emergency near Pallikaranai waterlogged pocket. approximately 18 people. Need drinking water packets.
1_sms_057,2026-10-07T08:49:28,HELPLINE,near Perungudi MRTS flood incident. Send medical assistance / insulin.
1_sms_REFWD_010,2026-10-07T08:05:18,HELPLINE,People trapped/affected near Nanganallur low-lying street. Urgent medical assistance / insulin required.
1_sms_noise_074,2026-10-07T08:54:45,HELPLINE,Can someone confirm bus routes?
1_sms_noise_086,2026-10-07T09:20:45,HELPLINE,Is the road to the airport open?
1_sms_056,2026-10-07T08:25:40,HELPLINE,People trapped/affected near near the EB side. Urgent fire tender required.
1_sms_noise_069,2026-10-07T08:44:12,HELPLINE,Can someone confirm bus routes?
1_sms_noise_083,2026-10-07T08:35:32,HELPLINE,Is the local EB office working today?
1_sms_032,2026-10-07T08:28:56,HELPLINE,People trapped/affected near low-lying road near the marsh. Urgent drinking water packets required.
1_sms_noise_081,2026-10-07T08:42:40,HELPLINE,Anybody knows if the petrol bunk is functioning?
1_sms_noise_065,2026-10-07T09:01:52,HELPLINE,Is the metro service delayed?
1_sms_rumor_099,2026-10-07T09:34:44,HELPLINE,Someone claims all metro stations are being turned into shelters.
1_sms_003,2026-10-07T08:01:36,HELPLINE,People trapped/affected near Velachery MRTS west gate. Urgent medical assistance / insulin required.
1_sms_026,2026-10-07T08:23:20,HELPLINE,Emergency near Guindy service road. approximately 8 people. Need fire tender.
1_sms_noise_068,2026-10-07T09:04:46,HELPLINE,Does anyone know if trains are suspended?
1_sms_009,2026-10-07T08:03:36,HELPLINE,People trapped/affected near behind the river bund. Urgent drinking water packets required.
1_sms_047,2026-10-07T08:18:24,HELPLINE,Emergency near behind the river bund. approximately 15 people. Need drinking water packets.
1_sms_REFWD_012,2026-10-07T08:44:48,HELPLINE,near the residential lane by the river flood incident. Send drinking water packets.
1_sms_noise_091,2026-10-07T08:45:00,HELPLINE,Is the local EB office working today?
1_sms_REFWD_008,2026-10-07T08:33:20,HELPLINE,low-lying road near Taramani flood incident. Send rescue boat.
1_sms_026,2026-10-07T08:23:20,HELPLINE,Emergency near Guindy service road. approximately 8 people. Need fire tender.
1_sms_010,2026-10-07T08:04:39,HELPLINE,People trapped/affected near near the Adyar bridge approach. Urgent drinking water packets required.
1_sms_052,2026-10-07T08:22:57,HELPLINE,People trapped/affected near near Saidapet platform road. Urgent food packets / dry ration required.
1_sms_malformed_102,missing
1_sms_011,2026-10-07T08:04:50,HELPLINE,Emergency near Guindy low-lying lane. approximately 8 people. Need fire tender.
1_sms_058,2026-10-07T08:56:03,HELPLINE,near Taramani MRTS side road flood incident. Send rescue boat.
1_sms_030,2026-10-07T08:20:47,HELPLINE,People trapped/affected near marsh backside houses. Urgent drinking water packets required.
1_sms_015,2026-10-07T08:09:20,HELPLINE,Emergency near industrial estate side road. approximately 8 people. Need fire tender.
1_sms_020,2026-10-07T08:17:44,HELPLINE,People trapped/affected near residential lane beside the wetland. Urgent drinking water packets required.
1_sms_rumor_096,2026-10-07T09:19:10,HELPLINE,Forwarded: every school in Chennai is closed for a full week.
1_sms_054,2026-10-07T08:20:19,HELPLINE,People trapped/affected near apartment road behind Perungudi station. Urgent medical assistance / insulin required.
1_sms_041,2026-10-07T08:33:20,HELPLINE,low-lying road near Taramani flood incident. Send rescue boat.
1_sms_noise_078,2026-10-07T09:11:52,HELPLINE,Is food delivery operating today?
1_sms_048,2026-10-07T08:23:30,HELPLINE,service road near the IT buildings flood incident. Send drinking water packets.
1_sms_036,2026-10-07T08:15:45,HELPLINE,People trapped/affected near low-lying road off OMR. Urgent drinking water packets required.
1_sms_028,2026-10-07T08:22:30,HELPLINE,Guindy service road flood incident. Send fire tender.
1_sms_061,2026-10-07T08:49:00,HELPLINE,People trapped/affected near Nanganallur fourth street. Urgent medical assistance / insulin required.
1_sms_rumor_097,2026-10-07T09:00:48,HELPLINE,Someone says cyclone warning has already been issued for tonight.
1_sms_008,2026-10-07T08:03:02,HELPLINE,railway station entrance side flood incident. Send food packets / dry ration.
1_sms_noise_094,2026-10-07T09:26:48,HELPLINE,"No emergency here, only asking about road conditions."
1_sms_029,2026-10-07T08:14:00,HELPLINE,Emergency near Taramani service road. approximately 9 people. Need rescue boat.
1_sms_057,2026-10-07T08:49:28,HELPLINE,near Perungudi MRTS flood incident. Send medical assistance / insulin.
1_sms_noise_076,2026-10-07T09:15:00,HELPLINE,Anybody knows whether supermarkets are open?
1_sms_001,2026-10-07T08:00:00,HELPLINE,Emergency near station backside road. approximately 12 people. Need fire tender.
1_sms_040,2026-10-07T08:24:42,HELPLINE,Emergency near OMR side residential lane. approximately 20 people. Need drinking water packets.
1_sms_045,2026-10-07T08:18:20,HELPLINE,People trapped/affected near residential lane near MRTS. Urgent medical assistance / insulin required.
