tweet_id,timestamp,username,text
3_twitter_noise_074,2026-10-07T11:08:56,@chennai_help_32,How long is this rain expected to continue?
3_twitter_064,2026-10-07T10:58:21,@chennai_help_62,behind Sanatorium railway station now has 24 affected. Situation remains rescue_in_progress.
3_twitter_052,2026-10-07T10:52:06,@chennai_help_64,near the bus stop road now has 5 affected. Situation remains resolved.
3_twitter_041,2026-10-07T11:01:20,@chennai_help_58,"Same incident, not a new report. transformer yard near the station. fire tender response active."
3_twitter_013,2026-10-07T10:36:00,@chennai_help_82,behind the local market now has 12 affected. Situation remains rescue_in_progress.
3_twitter_REFWD_012,2026-10-07T10:47:30,@chennai_help_82,Besant Nagar inner road now has 13 affected. Situation remains rescue_in_progress.
3_twitter_noise_084,2026-10-07T11:40:33,@chennai_help_46,Are schools closed tomorrow?
3_twitter_004,2026-10-07T10:31:57,@chennai_help_52,behind the bus stop now has 40 affected. Situation remains active.
3_twitter_037,2026-10-07T11:01:12,@chennai_help_22,"Same incident, not a new report. near the railway-side apartments. medical assistance / insulin response active."
3_twitter_021,2026-10-07T10:42:00,@chennai_help_62,low-lying road off OMR now has 40 affected. Situation remains active.
3_twitter_noise_091,2026-10-07T11:34:30,@chennai_help_36,Can somebody confirm office closure information?
3_twitter_037,2026-10-07T11:01:12,@chennai_help_31,"Same incident, not a new report. near the railway-side apartments. medical assistance / insulin response active."
3_twitter_noise_073,2026-10-07T11:19:12,@chennai_help_33,Are schools closed tomorrow?
3_twitter_017,2026-10-07T10:43:52,@chennai_help_42,low-lying road near OMR now has 38 affected. Situation remains active.
3_twitter_REFWD_009,2026-10-07T10:31:57,@chennai_help_30,behind the bus stop now has 40 affected. Situation remains active.
3_twitter_022,2026-10-07T10:50:18,@chennai_help_24,"Same incident, not a new report. OMR side road. drinking water packets response active."
3_twitter_malformed_106,ONLY_TWO_FIELDS
3_twitter_040,2026-10-07T10:51:27,@chennai_help_24,"Same incident, not a new report. near the industrial estate gate. fire tender response active."
3_twitter_058,2026-10-07T10:57:33,@chennai_help_54,Thoraipakkam service lane now has 38 affected. Situation remains active.
3_twitter_056,2026-10-07T10:55:40,@chennai_help_52,Major update: behind the temple street. approximately 45 people. Response underway. Status ACTIVE.
3_twitter_noise_067,2026-10-07T11:03:00,@chennai_help_45,Any idea whether buses are running normally?
3_twitter_noise_086,2026-10-07T11:08:15,@chennai_help_39,Power is gone but nobody is trapped here.
3_twitter_027,2026-10-07T10:49:04,@chennai_help_55,Pallavaram inner street now has 12 affected. Situation remains rescue_in_progress.
3_twitter_033,2026-10-07T10:51:20,@chennai_help_70,behind the temple street now has 45 affected. Situation remains active.
3_twitter_053,2026-10-07T11:12:28,@chennai_help_42,Major update: service road near the IT buildings. approximately 40 people. Response underway. Status ACTIVE.
3_twitter_noise_083,2026-10-07T11:21:56,@chennai_help_72,Is Saidapet traffic diverted?
3_twitter_020,2026-10-07T10:46:47,@chennai_help_64,Major update: Chromepet station side road. approximately 22 people. Response underway. Status RESCUE_IN_PROGRESS.
3_twitter_023,2026-10-07T10:42:50,@chennai_help_66,Major update: Ashok Nagar seventh avenue side. approximately 8 people. Response underway. Status RESOLVED.
3_twitter_043,2026-10-07T10:47:30,@chennai_help_49,under the Saidapet station footbridge now has 56 affected. Situation remains rescue_in_progress.
3_twitter_029,2026-10-07T10:51:56,@chennai_help_79,Major update: Ambattur industrial road. approximately 26 people. Response underway. Status ACTIVE.
3_twitter_noise_088,2026-10-07T11:09:09,@chennai_help_95,Can somebody confirm office closure information?
3_twitter_006,2026-10-07T10:33:50,@chennai_help_48,Major update: Besant Nagar inner road. approximately 13 people. Response underway. Status RESCUE_IN_PROGRESS.
3_twitter_018,2026-10-07T10:37:39,@chennai_help_81,Major update: behind the river bund. approximately 30 people. Response underway. Status ACTIVE.
3_twitter_noise_079,2026-10-07T11:40:12,@chennai_help_74,Power is gone but nobody is trapped here.
3_twitter_noise_076,2026-10-07T11:16:15,@chennai_help_42,Can someone confirm bus routes?
3_twitter_noise_092,2026-10-07T12:02:31,@chennai_help_66,Traffic is very slow near Saidapet.
3_twitter_044,2026-10-07T10:52:56,@chennai_help_49,"Same incident, not a new report. Pallavaram inner street. medical assistance / insulin response active."
3_twitter_063,2026-10-07T11:06:10,@chennai_help_59,Nanganallur low-lying street now has 5 affected. Situation remains resolved.
3_twitter_rumor_101,2026-10-07T11:40:00,@chennai_help_77,Forwarded message with no source says every hospital is full.
3_twitter_rumor_095,2026-10-07T11:09:10,@chennai_help_55,FORWARDED: Chennai will receive another 500mm rain exactly at midnight.
3_twitter_045,2026-10-07T10:49:48,@chennai_help_21,"Same incident, not a new report. behind the temple street. food packets / dry ration response active."
3_twitter_008,2026-10-07T10:34:05,@chennai_help_70,Major update: near the bridge approach. approximately 14 people. Response underway. Status RESCUE_IN_PROGRESS.
3_twitter_024,2026-10-07T10:49:10,@chennai_help_92,Major update: Chromepet station side road. approximately 22 people. Response underway. Status RESCUE_IN_PROGRESS.
3_twitter_061,2026-10-07T11:30:00,@chennai_help_38,near the railway-side apartments now has 12 affected. Situation remains rescue_in_progress.
3_twitter_044,2026-10-07T10:52:56,@chennai_help_13,"Same incident, not a new report. Pallavaram inner street. medical assistance / insulin response active."
3_twitter_001,2026-10-07T10:30:00,@chennai_help_84,Major update: Ashok Nagar low-lying street. approximately 8 people. Response underway. Status RESOLVED.
3_twitter_noise_089,2026-10-07T11:11:04,@chennai_help_24,Is OMR traffic moving right now?
3_twitter_034,2026-10-07T10:43:12,@chennai_help_68,Major update: near the Adyar bridge approach. approximately 30 people. Response underway. Status ACTIVE.
3_twitter_noise_081,2026-10-07T11:15:20,@chennai_help_44,Is the road to the airport open?
3_twitter_036,2026-10-07T10:50:25,@chennai_help_78,"Same incident, not a new report. near the railway crossing. fire tender response active."
3_twitter_007,2026-10-07T10:35:48,@chennai_help_81,low-lying road near Adyar now has 30 affected. Situation remains active.
3_twitter_051,2026-10-07T11:19:10,@chennai_help_59,Major update: residential street behind the market. approximately 22 people. Response underway. Status ACTIVE.
3_twitter_rumor_096,2026-10-07T12:01:50,@chennai_help_71,Forwarded: every school in Chennai is closed for a full week.
3_twitter_noise_085,2026-10-07T11:52:36,@chennai_help_24,Is the market near Velachery open?
3_twitter_014,2026-10-07T10:39:58,@chennai_help_13,"Same incident, not a new report. railway station entrance side. food packets / dry ration response active."
3_twitter_noise_094,2026-10-07T11:18:03,@chennai_help_44,Need weather information only.
3_twitter_055,2026-10-07T11:19:30,@chennai_help_71,Major update: station waiting hall. approximately 56 people. Response underway. Status RESCUE_IN_PROGRESS.
3_twitter_062,2026-10-07T11:04:34,@chennai_help_69,Major update: Kotturpuram low-lying lane. approximately 14 people. Response underway. Status RESCUE_IN_PROGRESS.
3_twitter_028,2026-10-07T10:49:21,@chennai_help_52,Major update: second lane behind the school. approximately 16 people. Response underway. Status RESCUE_IN_PROGRESS.
3_twitter_054,2026-10-07T10:53:51,@chennai_help_69,Major update: station approach road. approximately 24 people. Response underway. Status RESCUE_IN_PROGRESS.
3_twitter_012,2026-10-07T10:39:43,@chennai_help_39,"Same incident, not a new report. near the local temple road. medical assistance / insulin response active."
3_twitter_042,2026-10-07T11:07:35,@chennai_help_20,Major update: near Mylapore tank. approximately 22 people. Response underway. Status ACTIVE.
,,
BAD_ROW
3_twitter_noise_087,2026-10-07T11:48:50,@chennai_help_48,Are schools closed tomorrow?
3_twitter_038,2026-10-07T10:52:49,@chennai_help_72,Major update: near the industrial estate gate. approximately 26 people. Response underway. Status ACTIVE.
3_twitter_noise_071,2026-10-07T11:36:30,@chennai_help_93,"No emergency here, only asking about road conditions."
3_twitter_009,2026-10-07T10:35:04,@chennai_help_60,"Same incident, not a new report. Ashok Nagar seventh avenue side. medical assistance / insulin response active."
3_twitter_060,2026-10-07T11:12:17,@chennai_help_80,Ambattur industrial road now has 26 affected. Situation remains active.
3_twitter_noise_078,2026-10-07T11:17:29,@chennai_help_73,Is the road to the airport open?
3_twitter_016,2026-10-07T10:39:15,@chennai_help_84,near the Vijayanagar side road now has 12 affected. Situation remains rescue_in_progress.
3_twitter_057,2026-10-07T11:04:32,@chennai_help_39,"Same incident, not a new report. residential lane near MRTS. medical assistance / insulin response active."
3_twitter_032,2026-10-07T10:45:30,@chennai_help_78,Major update: Kodambakkam back road. approximately 21 people. Response underway. Status RESCUE_IN_PROGRESS.
3_twitter_noise_069,2026-10-07T11:00:36,@chennai_help_33,Power cut again in my street. Does anyone know restoration time?
3_twitter_031,2026-10-07T10:47:30,@chennai_help_61,Besant Nagar inner road now has 13 affected. Situation remains rescue_in_progress.
3_twitter_005,2026-10-07T10:32:12,@chennai_help_35,"Same incident, not a new report. electrical compound road. fire tender response active."
3_twitter_035,2026-10-07T10:55:30,@chennai_help_43,"Same incident, not a new report. near the Adyar bridge approach. drinking water packets response active."
3_twitter_REFWD_010,2026-10-07T10:47:30,@chennai_help_77,under the Saidapet station footbridge now has 56 affected. Situation remains rescue_in_progress.
3_twitter_010,2026-10-07T10:38:51,@chennai_help_58,"Same incident, not a new report. behind the temple-side road. drinking water packets response active."
3_twitter_026,2026-10-07T10:54:10,@chennai_help_53,"Same incident, not a new report. Porur low-lying street. food packets / dry ration response active."
3_twitter_noise_065,2026-10-07T11:32:56,@chennai_help_60,Any idea whether buses are running normally?
BAD_ROW
3_twitter_019,2026-10-07T10:36:54,@chennai_help_13,"Same incident, not a new report. near the apartment entrance. medical assistance / insulin response active."
3_twitter_003,2026-10-07T10:31:14,@chennai_help_75,Thoraipakkam service lane now has 38 affected. Situation remains active.
3_twitter_REFWD_008,2026-10-07T10:51:27,@chennai_help_64,"Same incident, not a new report. near the industrial estate gate. fire tender response active."
3_twitter_noise_070,2026-10-07T11:32:06,@chennai_help_84,Traffic is very slow near Saidapet.
3_twitter_025,2026-10-07T10:46:00,@chennai_help_75,Nanganallur low-lying street now has 5 affected. Situation remains resolved.
3_twitter_011,2026-10-07T10:34:50,@chennai_help_35,"Same incident, not a new report. Perungudi service lane. medical assistance / insulin response active."
3_twitter_036,2026-10-07T10:50:25,@chennai_help_12,"Same incident, not a new report. near the railway crossing. fire tender response active."
3_twitter_046,2026-10-07T11:01:30,@chennai_help_51,"Same incident, not a new report. behind the factory compound. drinking water packets response active."
3_twitter_REFWD_014,2026-10-07T11:30:00,@chennai_help_46,near the railway-side apartments now has 12 affected. Situation remains rescue_in_progress.
3_twitter_malformed_104,ONLY_TWO_FIELDS
3_twitter_059,2026-10-07T11:01:54,@chennai_help_20,Major update: near the Medavakkam water tank. approximately 16 people. Response underway. Status RESCUE_IN_PROGRESS.
3_twitter_rumor_097,2026-10-07T12:07:36,@chennai_help_86,Someone says cyclone warning has already been issued for tonight.
3_twitter_noise_068,2026-10-07T11:26:57,@chennai_help_80,Can someone confirm bus routes?
3_twitter_027,2026-10-07T10:49:04,@chennai_help_86,Pallavaram inner street now has 12 affected. Situation remains rescue_in_progress.
3_twitter_015,2026-10-07T10:38:10,@chennai_help_69,Major update: Pallavaram inner street. approximately 12 people. Response underway. Status RESCUE_IN_PROGRESS.
3_twitter_noise_077,2026-10-07T11:35:52,@chennai_help_42,Is the market near Velachery open?
3_twitter_rumor_099,2026-10-07T12:06:22,@chennai_help_87,URGENT SHARE!!! Entire Chennai will go underwater tonight.
3_twitter_noise_093,2026-10-07T12:02:00,@chennai_help_99,Is the road to the airport open?
3_twitter_noise_066,2026-10-07T10:58:10,@chennai_help_22,Where can I find the official weather bulletin?
3_twitter_047,2026-10-07T10:49:10,@chennai_help_60,low-lying road near Adyar now has 30 affected. Situation remains active.
3_twitter_050,2026-10-07T11:19:49,@chennai_help_76,"Same incident, not a new report. behind Chromepet railway station. fire tender response active."
3_twitter_049,2026-10-07T11:11:36,@chennai_help_79,Major update: OMR side road. approximately 38 people. Response underway. Status ACTIVE.
3_twitter_010,2026-10-07T10:38:51,@chennai_help_13,"Same incident, not a new report. behind the temple-side road. drinking water packets response active."
3_twitter_059,2026-10-07T11:01:54,@chennai_help_19,Major update: near the Medavakkam water tank. approximately 16 people. Response underway. Status RESCUE_IN_PROGRESS.
3_twitter_noise_082,2026-10-07T11:25:21,@chennai_help_49,Does anyone know the current train timing?
3_twitter_039,2026-10-07T11:00:24,@chennai_help_31,Major update: near the bridge approach. approximately 14 people. Response underway. Status RESCUE_IN_PROGRESS.
3_twitter_REFWD_011,2026-10-07T10:42:50,@chennai_help_11,Major update: Ashok Nagar seventh avenue side. approximately 8 people. Response underway. Status RESOLVED.
3_twitter_rumor_098,2026-10-07T11:31:26,@chennai_help_49,Someone says cyclone warning has already been issued for tonight.
3_twitter_noise_080,2026-10-07T11:10:49,@chennai_help_92,Power cut again in my street. Does anyone know restoration time?
3_twitter_034,2026-10-07T10:43:12,@chennai_help_17,Major update: near the Adyar bridge approach. approximately 30 people. Response underway. Status ACTIVE.
3_twitter_030,2026-10-07T10:59:00,@chennai_help_55,Major update: near the Vijayanagar side road. approximately 12 people. Response underway. Status RESCUE_IN_PROGRESS.
3_twitter_noise_075,2026-10-07T11:16:52,@chennai_help_73,Need weather information only.
3_twitter_rumor_100,2026-10-07T11:55:48,@chennai_help_33,Unverified message says all railway stations are being evacuated.
3_twitter_noise_090,2026-10-07T11:24:53,@chennai_help_92,Does anyone know the current train timing?
3_twitter_REFWD_013,2026-10-07T10:55:30,@chennai_help_85,"Same incident, not a new report. near the Adyar bridge approach. drinking water packets response active."
3_twitter_002,2026-10-07T10:30:32,@chennai_help_51,Major update: low-lying road near Adyar. approximately 30 people. Response underway. Status ACTIVE.
3_twitter_048,2026-10-07T11:09:10,@chennai_help_76,Ambattur service road now has 26 affected. Situation remains active.
3_twitter_noise_072,2026-10-07T11:27:59,@chennai_help_85,Is the market near Velachery open?
